avg_cyt_re,avg_cyt_gr,avg_re_gr,Diagnosis
130.713275,123.667915,127.190595,M
115.97561,67.2439024,91.6097562,B
135.955693,129.935312,132.9455025,M
131.139544,122.655338,126.897441,M
150.808105,142.667461,146.737783,M
130.945142,91.7280238,111.3365829,B
90.6495868,58.9603306,74.8049587,B
132.686975,126.090336,129.3886555,M
143.15422,131.805585,137.4799025,M
126.637787,112.096381,119.367084,B