avg_cyt_re,avg_cyt_gr,avg_cyt_bl,Diagnosis
130.713275,123.667915,145.271328,M
115.97561,67.2439024,140.126016,B
135.955693,129.935312,144.863093,M
131.139544,122.655338,143.148741,M
150.808105,142.667461,176.097735,M
130.945142,91.7280238,147.307336,B
90.6495868,58.9603306,96.5460055,B
132.686975,126.090336,151.857143,M
143.15422,131.805585,163.624921,M
126.637787,112.096381,143.146486,B